{
    "alpha1": [
        0.1275789737701416,
        1.1511924266815186,
        2.6176133155822754
    ],
    "alpha10": [
        0.103485107421875,
        0.9864585399627686,
        2.571720838546753
    ],
    "alpha100": [
        2.5864832401275635,
        0.9832460880279541,
        2.59306263923645
    ]
}