{
    "alpha1": {
        "Beta=0.1": 0.12863922119140625,
        "Beta=0.01": 1.1706295013427734,
        "Beta=0.001": 2.7855939865112305
    },
    "alpha10": {
        "Beta=0.01": 0.9496994018554688,
        "Beta=0.1": 0.09968066215515137,
        "Beta=0.001": 2.740262031555176
    },
    "alpha100": {
        "Beta=0.001": 2.8002452850341797,
        "Beta=0.1": 2.800011396408081,
        "Beta=0.01": 0.958733081817627
    }
}